{
	"bmi-installation" : null,
	"compiler-frontend-variant" : "GNU",
	"compiler-id" : "GNU",
	"compiler-simulate-id" : "",
	"config" : "Debug",
	"cxx-modules" : {},
	"dir-cur-bld" : "C:/Users/ManInSpace/CLionProjects/Project/cmake-build-debug",
	"dir-cur-src" : "C:/Users/ManInSpace/CLionProjects/Project",
	"dir-top-bld" : "C:/Users/ManInSpace/CLionProjects/Project/cmake-build-debug",
	"dir-top-src" : "C:/Users/ManInSpace/CLionProjects/Project",
	"exports" : [],
	"forward-modules-from-target-dirs" : [],
	"include-dirs" : 
	[
		"C:\\Users\\ManInSpace\\CLionProjects\\Project\\External",
		"_deps\\raylib-src\\src",
		"_deps\\raylib-src\\src\\external\\glfw\\include"
	],
	"language" : "CXX",
	"linked-target-dirs" : [],
	"module-dir" : "C:/Users/ManInSpace/CLionProjects/Project/cmake-build-debug/CMakeFiles/Project.dir"
}